Workbook
Name ListaAcciones: '_Listas'!$A$2:$A$4
Name ListaIsapres: '_Listas'!$B$2:$B$8
Name ListaTiposPlan: '_Listas'!$C$2:$C$4
Name ListaZonas: '_Listas'!$D$2:$D$11
Name ListaTipoCobertura: '_Listas'!$E$2:$E$3
Name ListaPorcentajes: '_Listas'!$F$2:$F$8
Name ListaClinicas: '_Listas'!$G$2:$G$62

Sheet Instrucciones
A1: Plantilla de carga / actualización masiva de planes
A3: CAMPOS SELECT (flecha ▾ — NO escribir a mano)
A4: Planes: accion, isapre, tipo_plan, zona_1…zona_5
A5: Coberturas: tipo_cobertura, clinica, porcentaje
A6: Excel BLOQUEA cualquier valor que no esté en la lista (error stop).
A8: COLUMNAS CALCULADAS (candado 🔒 — NO editables)
A9: alerta_codigo Avisa si codigo_unico está duplicado en Planes.
A10: coberturas_hosp Cuenta filas hospitalaria en Coberturas con el mismo codigo_unico.
A11: coberturas_amb Cuenta filas ambulatoria en Coberturas con el mismo codigo_unico.
A12: Se actualizan solas al agregar/quitar filas en Coberturas. La hoja Planes está protegida.
A14: CÓMO USAR
A15: 1. En cada celda SELECT haz clic y elige de la flecha desplegable.
... A49: EJEMPLO-001 debería mostrar coberturas_hosp=2 y coberturas_amb=2.

Sheet Planes
A1: accion ▾ | B1: codigo_unico | C1: alerta_codigo 🔒 | D1: isapre ▾ | E1: nombre_plan | F1: precio_base_uf | G1: ges_uf | H1: tipo_plan ▾ | I1: coberturas_hosp 🔒 | J1: coberturas_amb 🔒 | K1: zona_1 ▾ | L1: zona_2 ▾ | M1: zona_3 ▾ | N1: zona_4 ▾ | O1: zona_5 ▾ | P1: notas | AD1: __accion | AE1: __isapre | AF1: __tipo_plan | AG1: __zona
A2: crear | B2: EJEMPLO-001 | C2: =IF(B2="","",IF(COUNTIF($B$2:$B$501,B2)>1,"DUPLICADO — revisa codigo_unico","")) | D2: Colmena | E2: PLAN EJEMPLO CREAR | F2: 3.81 | G2: 0.778 | H2: Preferente | I2: =IF(B2="","",COUNTIFS(Coberturas!$A$2:$A$501,B2,Coberturas!$B$2:$B$501,"hospitalaria")) | J2: =IF(B2="","",COUNTIFS(Coberturas!$A$2:$A$501,B2,Coberturas!$B$2:$B$501,"ambulatoria")) | K2: rm-metropolitana | Región Metropolitana | L2: valparaiso | Valparaíso | P2: Fila de ejemplo — reemplazar | AD2: crear | AE2: Consalud | AF2: Preferente | AG2: rm-metropolitana | Región Metropolitana
A3: actualizar | B3: EJEMPLO-002 | C3: =IF(B3="","",IF(COUNTIF($B$2:$B$501,B3)>1,"DUPLICADO — revisa codigo_unico","")) | D3: Banmédica | E3: PLAN EJEMPLO ACTUALIZAR | F3: 2.5 | H3: Cerrado | I3: =IF(B3="","",COUNTIFS(Coberturas!$A$2:$A$501,B3,Coberturas!$B$2:$B$501,"hospitalaria")) | J3: =IF(B3="","",COUNTIFS(Coberturas!$A$2:$A$501,B3,Coberturas!$B$2:$B$501,"ambulatoria")) | K3: rm-oriente | RM Oriente | AD3: actualizar | AE3: Banmédica | AF3: Libre Elección | AG3: rm-norte | RM Norte
C4: =IF(B4="","",IF(COUNTIF($B$2:$B$501,B4)>1,"DUPLICADO — revisa codigo_unico","")) | I4: =IF(B4="","",COUNTIFS(Coberturas!$A$2:$A$501,B4,Coberturas!$B$2:$B$501,"hospitalaria")) | J4: =IF(B4="","",COUNTIFS(Coberturas!$A$2:$A$501,B4,Coberturas!$B$2:$B$501,"ambulatoria")) | AD4: eliminar | AE4: Colmena | AF4: Cerrado | AG4: rm-sur | RM Sur
C5: =IF(B5="","",IF(COUNTIF($B$2:$B$501,B5)>1,"DUPLICADO — revisa codigo_unico","")) | I5: =IF(B5="","",COUNTIFS(Coberturas!$A$2:$A$501,B5,Coberturas!$B$2:$B$501,"hospitalaria")) | J5: =IF(B5="","",COUNTIFS(Coberturas!$A$2:$A$501,B5,Coberturas!$B$2:$B$501,"ambulatoria")) | AE5: Cruz Blanca | AG5: rm-oriente | RM Oriente
C6: =IF(B6="","",IF(COUNTIF($B$2:$B$501,B6)>1,"DUPLICADO — revisa codigo_unico","")) | I6: =IF(B6="","",COUNTIFS(Coberturas!$A$2:$A$501,B6,Coberturas!$B$2:$B$501,"hospitalaria")) | J6: =IF(B6="","",COUNTIFS(Coberturas!$A$2:$A$501,B6,Coberturas!$B$2:$B$501,"ambulatoria")) | AE6: Vida Tres | AG6: rm-poniente | RM Poniente
C7: =IF(B7="","",IF(COUNTIF($B$2:$B$501,B7)>1,"DUPLICADO — revisa codigo_unico","")) | I7: =IF(B7="","",COUNTIFS(Coberturas!$A$2:$A$501,B7,Coberturas!$B$2:$B$501,"hospitalaria")) | J7: =IF(B7="","",COUNTIFS(Coberturas!$A$2:$A$501,B7,Coberturas!$B$2:$B$501,"ambulatoria")) | AE7: Nueva Masvida | AG7: rm-centro | RM Centro
C8: =IF(B8="","",IF(COUNTIF($B$2:$B$501,B8)>1,"DUPLICADO — revisa codigo_unico","")) | I8: =IF(B8="","",COUNTIFS(Coberturas!$A$2:$A$501,B8,Coberturas!$B$2:$B$501,"hospitalaria")) | J8: =IF(B8="","",COUNTIFS(Coberturas!$A$2:$A$501,B8,Coberturas!$B$2:$B$501,"ambulatoria")) | AE8: Esencial | AG8: norte | Zona Norte
C9: =IF(B9="","",IF(COUNTIF($B$2:$B$501,B9)>1,"DUPLICADO — revisa codigo_unico","")) | I9: =IF(B9="","",COUNTIFS(Coberturas!$A$2:$A$501,B9,Coberturas!$B$2:$B$501,"hospitalaria")) | J9: =IF(B9="","",COUNTIFS(Coberturas!$A$2:$A$501,B9,Coberturas!$B$2:$B$501,"ambulatoria")) | AG9: octava | Octava Región
C10: =IF(B10="","",IF(COUNTIF($B$2:$B$501,B10)>1,"DUPLICADO — revisa codigo_unico","")) | I10: =IF(B10="","",COUNTIFS(Coberturas!$A$2:$A$501,B10,Coberturas!$B$2:$B$501,"hospitalaria")) | J10: =IF(B10="","",COUNTIFS(Coberturas!$A$2:$A$501,B10,Coberturas!$B$2:$B$501,"ambulatoria")) | AG10: valparaiso | Valparaíso
C11: =IF(B11="","",IF(COUNTIF($B$2:$B$501,B11)>1,"DUPLICADO — revisa codigo_unico","")) | I11: =IF(B11="","",COUNTIFS(Coberturas!$A$2:$A$501,B11,Coberturas!$B$2:$B$501,"hospitalaria")) | J11: =IF(B11="","",COUNTIFS(Coberturas!$A$2:$A$501,B11,Coberturas!$B$2:$B$501,"ambulatoria")) | AG11: biobio | Biobío
C12: =IF(B12="","",IF(COUNTIF($B$2:$B$501,B12)>1,"DUPLICADO — revisa codigo_unico","")) | I12: =IF(B12="","",COUNTIFS(Coberturas!$A$2:$A$501,B12,Coberturas!$B$2:$B$501,"hospitalaria")) | J12: =IF(B12="","",COUNTIFS(Coberturas!$A$2:$A$501,B12,Coberturas!$B$2:$B$501,"ambulatoria"))
C13: =IF(B13="","",IF(COUNTIF($B$2:$B$501,B13)>1,"DUPLICADO — revisa codigo_unico","")) | I13: =IF(B13="","",COUNTIFS(Coberturas!$A$2:$A$501,B13,Coberturas!$B$2:$B$501,"hospitalaria")) | J13: =IF(B13="","",COUNTIFS(Coberturas!$A$2:$A$501,B13,Coberturas!$B$2:$B$501,"ambulatoria"))
C14: =IF(B14="","",IF(COUNTIF($B$2:$B$501,B14)>1,"DUPLICADO — revisa codigo_unico","")) | I14: =IF(B14="","",COUNTIFS(Coberturas!$A$2:$A$501,B14,Coberturas!$B$2:$B$501,"hospitalaria")) | J14: =IF(B14="","",COUNTIFS(Coberturas!$A$2:$A$501,B14,Coberturas!$B$2:$B$501,"ambulatoria"))
C15: =IF(B15="","",IF(COUNTIF($B$2:$B$501,B15)>1,"DUPLICADO — revisa codigo_unico","")) | I15: =IF(B15="","",COUNTIFS(Coberturas!$A$2:$A$501,B15,Coberturas!$B$2:$B$501,"hospitalaria")) | J15: =IF(B15="","",COUNTIFS(Coberturas!$A$2:$A$501,B15,Coberturas!$B$2:$B$501,"ambulatoria"))
C16: =IF(B16="","",IF(COUNTIF($B$2:$B$501,B16)>1,"DUPLICADO — revisa codigo_unico","")) | I16: =IF(B16="","",COUNTIFS(Coberturas!$A$2:$A$501,B16,Coberturas!$B$2:$B$501,"hospitalaria")) | J16: =IF(B16="","",COUNTIFS(Coberturas!$A$2:$A$501,B16,Coberturas!$B$2:$B$501,"ambulatoria"))
C17: =IF(B17="","",IF(COUNTIF($B$2:$B$501,B17)>1,"DUPLICADO — revisa codigo_unico","")) | I17: =IF(B17="","",COUNTIFS(Coberturas!$A$2:$A$501,B17,Coberturas!$B$2:$B$501,"hospitalaria")) | J17: =IF(B17="","",COUNTIFS(Coberturas!$A$2:$A$501,B17,Coberturas!$B$2:$B$501,"ambulatoria"))
C18: =IF(B18="","",IF(COUNTIF($B$2:$B$501,B18)>1,"DUPLICADO — revisa codigo_unico","")) | I18: =IF(B18="","",COUNTIFS(Coberturas!$A$2:$A$501,B18,Coberturas!$B$2:$B$501,"hospitalaria")) | J18: =IF(B18="","",COUNTIFS(Coberturas!$A$2:$A$501,B18,Coberturas!$B$2:$B$501,"ambulatoria"))
C19: =IF(B19="","",IF(COUNTIF($B$2:$B$501,B19)>1,"DUPLICADO — revisa codigo_unico","")) | I19: =IF(B19="","",COUNTIFS(Coberturas!$A$2:$A$501,B19,Coberturas!$B$2:$B$501,"hospitalaria")) | J19: =IF(B19="","",COUNTIFS(Coberturas!$A$2:$A$501,B19,Coberturas!$B$2:$B$501,"ambulatoria"))
C20: =IF(B20="","",IF(COUNTIF($B$2:$B$501,B20)>1,"DUPLICADO — revisa codigo_unico","")) | I20: =IF(B20="","",COUNTIFS(Coberturas!$A$2:$A$501,B20,Coberturas!$B$2:$B$501,"hospitalaria")) | J20: =IF(B20="","",COUNTIFS(Coberturas!$A$2:$A$501,B20,Coberturas!$B$2:$B$501,"ambulatoria"))
C21: =IF(B21="","",IF(COUNTIF($B$2:$B$501,B21)>1,"DUPLICADO — revisa codigo_unico","")) | I21: =IF(B21="","",COUNTIFS(Coberturas!$A$2:$A$501,B21,Coberturas!$B$2:$B$501,"hospitalaria")) | J21: =IF(B21="","",COUNTIFS(Coberturas!$A$2:$A$501,B21,Coberturas!$B$2:$B$501,"ambulatoria"))
C22: =IF(B22="","",IF(COUNTIF($B$2:$B$501,B22)>1,"DUPLICADO — revisa codigo_unico","")) | I22: =IF(B22="","",COUNTIFS(Coberturas!$A$2:$A$501,B22,Coberturas!$B$2:$B$501,"hospitalaria")) | J22: =IF(B22="","",COUNTIFS(Coberturas!$A$2:$A$501,B22,Coberturas!$B$2:$B$501,"ambulatoria"))
C23: =IF(B23="","",IF(COUNTIF($B$2:$B$501,B23)>1,"DUPLICADO — revisa codigo_unico","")) | I23: =IF(B23="","",COUNTIFS(Coberturas!$A$2:$A$501,B23,Coberturas!$B$2:$B$501,"hospitalaria")) | J23: =IF(B23="","",COUNTIFS(Coberturas!$A$2:$A$501,B23,Coberturas!$B$2:$B$501,"ambulatoria"))
... C501: =IF(B501="","",IF(COUNTIF($B$2:$B$501,B501)>1,"DUPLICADO — revisa codigo_unico","")) | I501: =IF(B501="","",COUNTIFS(Coberturas!$A$2:$A$501,B501,Coberturas!$B$2:$B$501,"hospitalaria")) | J501: =IF(B501="","",COUNTIFS(Coberturas!$A$2:$A$501,B501,Coberturas!$B$2:$B$501,"ambulatoria"))
A503: ▾ = SELECT. 🔒 = fórmula bloqueada (coberturas_hosp / coberturas_amb cuentan filas de Coberturas por codigo_unico). Hoja protegida: no edites columnas grises.

Sheet Coberturas
A1: codigo_unico | B1: tipo_cobertura ▾ | C1: clinica ▾ | D1: porcentaje ▾ | T1: __tipo_cobertura | U1: __clinica | V1: __porcentaje
A2: EJEMPLO-001 | B2: hospitalaria | C2: cl-alemana-santiago-a | Clínica Alemana de Santiago(A.) | D2: 100 | T2: hospitalaria | U2: cm-redsalud | Centros Médicos RedSalud | V2: 40
A3: EJEMPLO-001 | B3: hospitalaria | C3: cl-las-condes | Clínica Las Condes | D3: 100 | T3: ambulatoria | U3: cl-alemana-osorno | Clínica Alemana de Osorno | V3: 50
A4: EJEMPLO-001 | B4: ambulatoria | C4: cl-alemana-santiago-a | Clínica Alemana de Santiago(A.) | D4: 40 | U4: cl-alemana-santiago-a | Clínica Alemana de Santiago(A.) | V4: 60
A5: EJEMPLO-001 | B5: ambulatoria | C5: cm-redsalud | Centros Médicos RedSalud | D5: 40 | U5: cl-alemana-santiago-a2 | Clínica Alemana de Santiago(A.2) | V5: 70
A6: EJEMPLO-002 | B6: hospitalaria | C6: cl-davila | Clínica Dávila | D6: 40 | U6: cl-alemana-santiago-a3 | Clínica Alemana de Santiago(A.3) | V6: 80
A7: EJEMPLO-002 | B7: ambulatoria | C7: cl-davila | Clínica Dávila | D7: 40 | U7: cl-alemana-temuco | Clínica Alemana de Temuco | V7: 90
U8: cl-alemana-valdivia | Clínica Alemana de Valdivia | V8: 100
U9: cl-andes-salud-chillan | Clínica Andes Salud Chillán
U10: cl-andes-salud-concepcion | Clínica Andes Salud Concepción
U11: cl-andes-salud-el-loa | Clínica Andes Salud El Loa
U12: cl-andes-salud-puerto-montt | Clínica Andes Salud Puerto Montt
U13: cl-andes-salud-talca | Clínica Andes Salud Talca
U14: cl-atacama | Clínica Atacama
U15: cl-biobio | Clínica Biobío
U16: cl-bupa-antofagasta | Clínica Bupa Antofagasta
U17: cl-bupa-renaca | Clínica Bupa Reñaca
U18: cl-bupa-santiago | Clínica Bupa Santiago
U19: cl-ciudad-del-mar | Clínica Ciudad del Mar
U20: cl-cordillera | Clínica Cordillera
... U62: sanatorio-aleman | Sanatorio Alemán
A503: ▾ = SELECT. tipo_cobertura, clinica y porcentaje solo admiten valores de la lista.

Sheet Catalogo_Clinicas
A1: id | B1: nombre | C1: valor_del_select
A2: cm-redsalud | B2: Centros Médicos RedSalud | C2: cm-redsalud | Centros Médicos RedSalud
A3: cl-alemana-osorno | B3: Clínica Alemana de Osorno | C3: cl-alemana-osorno | Clínica Alemana de Osorno
A4: cl-alemana-santiago-a | B4: Clínica Alemana de Santiago(A.) | C4: cl-alemana-santiago-a | Clínica Alemana de Santiago(A.)
A5: cl-alemana-santiago-a2 | B5: Clínica Alemana de Santiago(A.2) | C5: cl-alemana-santiago-a2 | Clínica Alemana de Santiago(A.2)
A6: cl-alemana-santiago-a3 | B6: Clínica Alemana de Santiago(A.3) | C6: cl-alemana-santiago-a3 | Clínica Alemana de Santiago(A.3)
A7: cl-alemana-temuco | B7: Clínica Alemana de Temuco | C7: cl-alemana-temuco | Clínica Alemana de Temuco
A8: cl-alemana-valdivia | B8: Clínica Alemana de Valdivia | C8: cl-alemana-valdivia | Clínica Alemana de Valdivia
A9: cl-andes-salud-chillan | B9: Clínica Andes Salud Chillán | C9: cl-andes-salud-chillan | Clínica Andes Salud Chillán
A10: cl-andes-salud-concepcion | B10: Clínica Andes Salud Concepción | C10: cl-andes-salud-concepcion | Clínica Andes Salud Concepción
A11: cl-andes-salud-el-loa | B11: Clínica Andes Salud El Loa | C11: cl-andes-salud-el-loa | Clínica Andes Salud El Loa
A12: cl-andes-salud-puerto-montt | B12: Clínica Andes Salud Puerto Montt | C12: cl-andes-salud-puerto-montt | Clínica Andes Salud Puerto Montt
... A62: sanatorio-aleman | B62: Sanatorio Alemán | C62: sanatorio-aleman | Sanatorio Alemán
A64: Solo consulta. En Coberturas usa el SELECT de la columna clinica ▾.

Sheet _Listas
A1: accion | B1: isapre | C1: tipo_plan | D1: zona | E1: tipo_cobertura | F1: porcentaje | G1: clinica | H1: clinica_id | I1: clinica_nombre
A2: crear | B2: Consalud | C2: Preferente | D2: rm-metropolitana | Región Metropolitana | E2: hospitalaria | F2: 40 | G2: cm-redsalud | Centros Médicos RedSalud | H2: cm-redsalud | I2: Centros Médicos RedSalud
A3: actualizar | B3: Banmédica | C3: Libre Elección | D3: rm-norte | RM Norte | E3: ambulatoria | F3: 50 | G3: cl-alemana-osorno | Clínica Alemana de Osorno | H3: cl-alemana-osorno | I3: Clínica Alemana de Osorno
A4: eliminar | B4: Colmena | C4: Cerrado | D4: rm-sur | RM Sur | F4: 60 | G4: cl-alemana-santiago-a | Clínica Alemana de Santiago(A.) | H4: cl-alemana-santiago-a | I4: Clínica Alemana de Santiago(A.)
B5: Cruz Blanca | D5: rm-oriente | RM Oriente | F5: 70 | G5: cl-alemana-santiago-a2 | Clínica Alemana de Santiago(A.2) | H5: cl-alemana-santiago-a2 | I5: Clínica Alemana de Santiago(A.2)
B6: Vida Tres | D6: rm-poniente | RM Poniente | F6: 80 | G6: cl-alemana-santiago-a3 | Clínica Alemana de Santiago(A.3) | H6: cl-alemana-santiago-a3 | I6: Clínica Alemana de Santiago(A.3)
B7: Nueva Masvida | D7: rm-centro | RM Centro | F7: 90 | G7: cl-alemana-temuco | Clínica Alemana de Temuco | H7: cl-alemana-temuco | I7: Clínica Alemana de Temuco
B8: Esencial | D8: norte | Zona Norte | F8: 100 | G8: cl-alemana-valdivia | Clínica Alemana de Valdivia | H8: cl-alemana-valdivia | I8: Clínica Alemana de Valdivia
D9: octava | Octava Región | G9: cl-andes-salud-chillan | Clínica Andes Salud Chillán | H9: cl-andes-salud-chillan | I9: Clínica Andes Salud Chillán
D10: valparaiso | Valparaíso | G10: cl-andes-salud-concepcion | Clínica Andes Salud Concepción | H10: cl-andes-salud-concepcion | I10: Clínica Andes Salud Concepción
D11: biobio | Biobío | G11: cl-andes-salud-el-loa | Clínica Andes Salud El Loa | H11: cl-andes-salud-el-loa | I11: Clínica Andes Salud El Loa
G12: cl-andes-salud-puerto-montt | Clínica Andes Salud Puerto Montt | H12: cl-andes-salud-puerto-montt | I12: Clínica Andes Salud Puerto Montt
G13: cl-andes-salud-talca | Clínica Andes Salud Talca | H13: cl-andes-salud-talca | I13: Clínica Andes Salud Talca
G14: cl-atacama | Clínica Atacama | H14: cl-atacama | I14: Clínica Atacama
G15: cl-biobio | Clínica Biobío | H15: cl-biobio | I15: Clínica Biobío
G16: cl-bupa-antofagasta | Clínica Bupa Antofagasta | H16: cl-bupa-antofagasta | I16: Clínica Bupa Antofagasta
G17: cl-bupa-renaca | Clínica Bupa Reñaca | H17: cl-bupa-renaca | I17: Clínica Bupa Reñaca
G18: cl-bupa-santiago | Clínica Bupa Santiago | H18: cl-bupa-santiago | I18: Clínica Bupa Santiago
G19: cl-ciudad-del-mar | Clínica Ciudad del Mar | H19: cl-ciudad-del-mar | I19: Clínica Ciudad del Mar
G20: cl-cordillera | Clínica Cordillera | H20: cl-cordillera | I20: Clínica Cordillera
G21: cl-davila | Clínica Dávila | H21: cl-davila | I21: Clínica Dávila
G22: cl-davila-vespucio | Clínica Dávila Vespucio | H22: cl-davila-vespucio | I22: Clínica Dávila Vespucio
G23: cl-hospital-del-profesor | Clínica Hospital del Profesor | H23: cl-hospital-del-profesor | I23: Clínica Hospital del Profesor
... G62: sanatorio-aleman | Sanatorio Alemán | H62: sanatorio-aleman | I62: Sanatorio Alemán
